id;nombre;apellido;email;telefono;fecha_nacimiento
1;free furthermore litter;vivaciously uh-huh;Andres_BenavidesSalinas36@yahoo.com;mallard;2025-04-10
2;acquaintance afterwards serialize;around aged;Isabel_CintronBanda83@hotmail.com;repeatedly;2025-04-10
3;if;in bookend;Gonzalo31@yahoo.com;meadow remarkable;2025-04-10
4;why necklace;boiling broadcast;Sancho_ArcePerales69@yahoo.com;for that;2025-04-10
5;below to crowded;timely;Rosario50@gmail.com;tentacle;2025-04-10
6;internalize sharply;aha;Luz_CavazosMontano@hotmail.com;fooey;2025-04-09
7;whereas opposite hence;mosh willfully;Raul.RoblesGranado@gmail.com;perspire by;2025-04-09
8;by ah joshingly;vastly poorly lobster;MariadelosAngeles_MaldonadoPartida25@gmail.com;huzzah off;2025-04-10
9;well safely;whisper yuck;Mayte.ChapaRodriguez9@hotmail.com;pant valuable provided;2025-04-10
10;oh bidet;aboard cheap;Alfredo.TafoyaDelacruz66@hotmail.com;cruel madly;2025-04-09
