id;codigo;fecha_reserva;estado
1;digitize inasmuch about;2025-04-10T01:45:26;aw gosh from
2;serpentine against;2025-04-09T19:34:19;unbearably
3;beneath;2025-04-10T13:06:08;gum immediately parody
4;tighten;2025-04-10T00:41:50;furthermore furthermore neglect
5;anenst;2025-04-10T02:45:55;pulp so
6;even;2025-04-10T13:53:27;blah troubled traditionalism
7;repeat gee;2025-04-09T22:09:58;by undergo mainstream
8;which;2025-04-09T21:22:03;extract
9;painfully smart;2025-04-09T20:58:35;artistic
10;upbeat shakily unethically;2025-04-10T10:57:42;granny beyond um
