id;numero_vuelo;origen;destino;fecha_salida;fecha_llegada
1;carp how;diver unto expense;whoever;2025-04-09T23:14:36;2025-04-10T09:36:31
2;ultimately information;indeed golden other;via around;2025-04-10T13:49:09;2025-04-09T20:23:48
3;ack;fiercely solicit;valiantly justly instead;2025-04-10T13:15:29;2025-04-10T14:02:57
4;schnitzel oof quarrelsomely;pivot blah;alongside;2025-04-09T17:30:37;2025-04-09T21:27:50
5;loyally however;squirm now than;brr tough;2025-04-09T17:25:16;2025-04-10T00:13:36
6;yet gadzooks;hunger;gah;2025-04-09T20:30:50;2025-04-10T11:18:41
7;earth above forenenst;pure;irresponsible countess;2025-04-09T21:44:50;2025-04-10T13:46:30
8;sternly frantically;in to ah;masculinize mmm;2025-04-10T02:06:20;2025-04-10T05:53:34
9;flowery;times;trustworthy across circle;2025-04-10T15:56:03;2025-04-10T03:44:34
10;brightly fooey but;meh faithfully able;outbid;2025-04-10T02:52:45;2025-04-10T04:21:46
